<?xml version="1.0" encoding="UTF-8"?>
<beans xmlns="http://www.springframework.org/schema/beans"
	xmlns:xsi="http://www.w3.org/2001/XMLSchema-instance"
	xmlns:context="http://www.springframework.org/schema/context"
	xmlns:mvc="http://www.springframework.org/schema/mvc"
	xsi:schemaLocation="
		http://www.springframework.org/schema/beans
    	http://www.springframework.org/schema/beans/spring-beans.xsd
    	http://www.springframework.org/schema/context
    	http://www.springframework.org/schema/context/spring-context.xsd
    	http://www.springframework.org/schema/mvc
        http://www.springframework.org/schema/mvc/spring-mvc.xsd">



	<context:component-scan
		base-package="com.greatlearning.debate.event" />

	<mvc:annotation-driven />

	<bean
		class="org.springframework.web.servlet.view.InternalResourceViewResolver"
		id="viewResolver">
		<property name="prefix" value="/WEB-INF/views/" />
		<property name="suffix" value=".jsp" />

	</bean>


	<bean
		class="org.springframework.jdbc.datasource.DriverManagerDataSource"
		id="dSource">
		<property name="driverClassName"
			value="com.mysql.cj.jdbc.Driver" />
		<property name="url"
			value="jdbc:mysql://localhost:3306/student_details" />
		<property name="username" value="root" />
		<property name="password" value="Amitha@2015" />
	</bean>

	<bean
		class="org.springframework.orm.hibernate5.LocalSessionFactoryBean"
		id="sessionFactory">
		<property name="dataSource" ref="dSource" />
		<property name="annotatedClasses">
			<list>
				<value>com.greatlearning.debate.event.entity.Student</value>
			</list>
		</property>

		<property name="hibernateProperties">
			<props>
				<prop key="hibernate.dialect">org.hibernate.dialect.MySQL8Dialect</prop>
				<prop key="hibernate.show_sql">true</prop>
				<prop key="hibernate.hbm2ddl.auto">update</prop>

			</props>

		</property>
	</bean>


	<bean
		class="org.springframework.orm.hibernate5.HibernateTransactionManager"
		id="myTransactionManager">
		<property name="sessionFactory" ref="sessionFactory"></property>
	</bean>

</beans>